Configuracao,N,K,Iteracoes,SSE,Tempo(ms)
Teste,10000,4,9,5602287.147112,0.0
Teste,100000,8,5,785489.509394,32.0
Teste,1000000,16,19,253407770.163695,1905.0
