Configuracao,N,K,Iteracoes,SSE,Tempo(ms)
Teste,10000,4,9,5602287.147112,4.0
Teste,100000,8,5,785489.509394,3.0
Teste,1000000,16,19,253407770.163646,78.0
