Configuracao,N,K,Iteracoes,SSE,Tempo(ms)
Teste,10000,4,9,5602287.147112,6.0
Teste,100000,8,5,785489.509394,0.0
Teste,1000000,16,19,253407770.163648,132.0
